1900,1,22,Asama,Honshu-Japan,Japan,Complex volcano
1900,2,16,Kirishima,Kyushu-Japan,Japan,Shield volcano
1900,7,17,Adatara,Honshu-Japan,Japan,Stratovolcano
1900,nan,nan,Tullu Moje,Africa-NE,Ethiopia,Pumice cone
1901,5,22,Kelut,Java,Indonesia,Stratovolcano
1901,8,9,Epi,Vanuatu-SW Pacific,Vanuatu,Stratovolcano
1902,5,5,Pelee,W Indies,Martinique,Stratovolcano
1902,5,7,Soufriere St. Vincent,W Indies,St. Vincent & the Grenadines,Stratovolcano
1902,5,8,Pelee,W Indies,Martinique,Stratovolcano
1902,5,20,Pelee,W Indies,Martinique,Stratovolcano
1902,8,7,Tori-shima,Izu Is-Japan,Japan,Stratovolcano
1902,8,30,Pelee,W Indies,Martinique,Stratovolcano
1902,10,25,Santa Maria,Guatemala,Guatemala,Stratovolcano
1902,12,nan,Merapi,Java,Indonesia,Stratovolcano
1903,8,30,Okataina,New Zealand,New Zealand,Lava dome
1903,nan,nan,Karthala,Indian O-W,Comoros,Shield volcano
1904,2,25,Karthala,Indian O-W,Comoros,Shield volcano
1905,3,10,Vesuvius,Italy,Italy,Complex volcano
1905,8,4,Savai'i,Samoa-SW Pacific,Samoa,Shield volcano
1906,4,4,Vesuvius,Italy,Italy,Complex volcano
1907,7,nan,Unnamed,Tonga-SW Pacific,Tonga,Submarine volcano
1907,8,4,Alayta,Africa-NE,Ethiopia,Shield volcano
1907,9,28,Lewotobi,Lesser Sunda Is,Indonesia,Stratovolcano
1907,10,6,Savai'i,Samoa-SW Pacific,Samoa,Shield volcano
1909,4,28,"Cameroon, Mt.",Africa-W,Cameroon,Stratovolcano
1909,9,nan,Semeru,Java,Indonesia,Stratovolcano
1910,3,20,Taupo,New Zealand,New Zealand,Caldera
1910,7,25,Usu,Hokkaido-Japan,Japan,Stratovolcano
1911,1,30,Taal,Luzon-Philippines,Philippines,Stratovolcano
1911,5,8,Asama,Honshu-Japan,Japan,Complex volcano
1911,8,15,Asama,Honshu-Japan,Japan,Complex volcano
1911,11,3,Piparo,Trinidad,Trinidad ,Mud volcano
1911,11,8,Semeru,Java,Indonesia,Stratovolcano
1912,9,6,Novarupta,Alaska Peninsula,United States,Caldera
1912,12,3,Nyamuragira,Africa-C,"Congo, DRC",Shield volcano
1913,1,20,Colima,Mexico,Mexico,Stratovolcano
1913,3,14,Awu,Sangihe Is-Indonesia,Indonesia,Stratovolcano
1913,5,29,Asama,Honshu-Japan,Japan,Complex volcano
1913,6,23,Semeru,Java,Indonesia,Stratovolcano
1913,12,6,Ambrym,Vanuatu-SW Pacific,Vanuatu,Pyroclastic shield
1914,1,12,Sakura-jima,Kyushu-Japan,Japan,Stratovolcano
1914,1,18,Pago,New Britain-SW Pac,Papua New Guinea,Caldera
1914,9,10,White Island,New Zealand,New Zealand,Stratovolcano
1914,nan,nan,Aoba,Vanuatu-SW Pacific,Vanuatu,Shield volcano
1916,3,3,Tungurahua,Ecuador,Ecuador,Stratovolcano
1916,7,3,Stromboli,Italy,Italy,Stratovolcano
1917,1,1,"Lengai, Ol Doinyo",Africa-E,Tanzania,Stratovolcano
1917,4,1,Okataina,New Zealand,New Zealand,Lava dome
1917,4,nan,Calbuco,Chile-S,Chile,Stratovolcano
1917,6,7,San Salvador,El Salvador,El Salvador,Stratovolcano
1918,7,18,Banua Wuhu,Sangihe Is-Indonesia,Indonesia,Submarine volcano
1918,10,12,Katla,Iceland-S,Iceland,Subglacial volcano
1919,2,19,Popocatepetl,Mexico,Mexico,Stratovolcano
1919,4,3,Banua Wuhu,Sangihe Is-Indonesia,Indonesia,Submarine volcano
1919,5,19,Kelut,Java,Indonesia,Stratovolcano
1919,5,22,Stromboli,Italy,Italy,Stratovolcano
1919,7,6,Nasu,Honshu-Japan,Japan,Stratovolcano
1919,9,29,Mauna Loa,Hawaiian Is,United States,Shield volcano
1920,7,25,Merapi,Java,Indonesia,Stratovolcano
1920,10,29,Izalco,El Salvador,El Salvador,Stratovolcano
1921,11,26,Nasu,Honshu-Japan,Japan,Stratovolcano
1923,3,2,"Cendres, Ile des",SE Asia,Vietnam,Submarine volcanoes
1923,3,11,Papandayan,Java,Indonesia,Stratovolcano
1923,6,nan,Tangkubanparahu,Java,Indonesia,Stratovolcano
1923,7,1,Kirishima,Kyushu-Japan,Japan,Shield volcano
1924,5,10,Kilauea,Hawaiian Is,United States,Shield volcano
1926,5,24,Tokachi,Hokkaido-Japan,Japan,Stratovolcano
1927,8,7,Paluweh,Lesser Sunda Is,Indonesia,Stratovolcano
1927,9,5,Esjufjoll,Iceland-SE,Iceland,Stratovolcano
1928,1,23,Santorini,Greece,Greece,Shield volcano
1928,1,nan,Mayon,Luzon-Philippines,Philippines,Stratovolcano
1928,3,28,Krakatau,Indonesia,Indonesia,Caldera
1928,5,13,Dieng Volc Complex,Java,Indonesia,Complex volcano
1928,8,4,Paluweh,Lesser Sunda Is,Indonesia,Stratovolcano
1928,11,2,Etna,Italy,Italy,Stratovolcano
1929,1,6,Calbuco,Chile-S,Chile,Stratovolcano
1929,6,17,Komaga-take,Hokkaido-Japan,Japan,Stratovolcano
1929,8,2,Etna,Italy,Italy,Stratovolcano
1929,11,2,Santa Maria,Guatemala,Guatemala,Stratovolcano
1930,3,17,Krakatau,Indonesia,Indonesia,Caldera
1930,8,20,Asama,Honshu-Japan,Japan,Complex volcano
1930,9,11,Stromboli,Italy,Italy,Stratovolcano
1930,12,18,Merapi,Java,Indonesia,Stratovolcano
1931,8,20,Asama,Honshu-Japan,Japan,Complex volcano
1932,1,21,Fuego,Guatemala,Guatemala,Stratovolcano
1932,2,nan,Merapi,Java,Indonesia,Stratovolcano
1932,10,1,Kusatsu-Shirane,Honshu-Japan,Japan,Stratovolcano
1933,1,8,Kharimkotan,Kuril Is,Russia,Stratovolcano
1933,5,10,Hakone,Honshu-Japan,Japan,Complex volcano
1933,12,24,Kuchinoerabu-jima,Ryukyu Is,Japan,Stratovolcano
1933,12,25,Bulusan,Luzon-Philippines,Philippines,Stratovolcano
1934,nan,nan,Hood,US-Oregon,United States,Stratovolcano
1936,2,nan,Asama,Honshu-Japan,Japan,Complex volcano
1937,2,9,Llaima,Chile-C,Chile,Stratovolcano
1937,5,29,Rabaul,New Britain-SW Pac,Papua New Guinea,Pyroclastic shield
1938,1,28,Nyamuragira,Africa-C,"Congo, DRC",Shield volcano
1938,5,9,Bandai,Honshu-Japan,Japan,Stratovolcano
1938,6,5,Mayon,Luzon-Philippines,Philippines,Stratovolcano
1938,7,16,Asama,Honshu-Japan,Japan,Complex volcano
1939,7,24,Kick-'em-Jenny,W Indies,Netherlands,Submarine volcano
1939,8,17,Tori-shima,Izu Is-Japan,Japan,Stratovolcano
1939,10,13,Dieng Volc Complex,Java,Indonesia,Complex volcano
1940,6,20,Karangetang [Api Siau],Sangihe Is-Indonesia,Indonesia,Stratovolcano
1940,7,12,Miyake-jima,Izu Is-Japan,Japan,Stratovolcano
1940,7,24,"Lengai, Ol Doinyo",Africa-E,Tanzania,Stratovolcano
1941,7,13,Asama,Honshu-Japan,Japan,Complex volcano
1941,9,21,Semeru,Java,Indonesia,Stratovolcano
1943,2,20,Michoacan-Guanajuato,Mexico,Mexico,Cinder cone
1943,4,13,"Azul, Cerro",Galapagos,Ecuador,Shield volcano
1944,3,27,Vesuvius,Italy,Italy,Complex volcano
1944,6,10,Cleveland,Aleutian Is,United States,Stratovolcano
1944,6,23,Usu,Hokkaido-Japan,Japan,Stratovolcano
1944,8,20,Stromboli,Italy,Italy,Stratovolcano
1944,8,26,Usu,Hokkaido-Japan,Japan,Stratovolcano
1944,12,4,Dieng Volc Complex,Java,Indonesia,Complex volcano
1946,1,nan,Sakura-jima,Kyushu-Japan,Japan,Stratovolcano
1946,2,nan,Semeru,Java,Indonesia,Stratovolcano
1946,10,29,Semeru,Java,Indonesia,Stratovolcano
1946,11,13,Sarychev Peak,Kuril Is,Russia,Stratovolcano
1947,1,7,Mayon,Luzon-Philippines,Philippines,Stratovolcano
1947,7,6,Asama,Honshu-Japan,Japan,Complex volcano
1947,9,16,Akagi,Honshu-Japan,Japan,Stratovolcano
1947,11,2,Hekla,Iceland-S,Iceland,Stratovolcano
1948,4,7,Iliwerung,Lesser Sunda Is,Indonesia,Complex volcano
1949,1,1,Villarrica,Chile-C,Chile,Stratovolcano
1949,5,26,Purace,Colombia,Colombia,Stratovolcano
1949,6,nan,Camiguin,Mindanao-Philippines,Philippines,Stratovolcano
1950,8,28,Semeru,Java,Indonesia,Stratovolcano
1950,9,15,Camiguin,Mindanao-Philippines,Philippines,Stratovolcano
1950,9,23,Asama,Honshu-Japan,Japan,Complex volcano
1951,1,21,Lamington,New Guinea,Papua New Guinea,Stratovolcano
1951,8,3,Cosiguina,Nicaragua,Nicaragua,Stratovolcano
1951,8,31,Kelut,Java,Indonesia,Stratovolcano
1951,11,5,Hakone,Honshu-Japan,Japan,Complex volcano
1951,12,4,Camiguin,Mindanao-Philippines,Philippines,Stratovolcano
1951,nan,nan,Kavachi,Solomon Is-SW Pacifi,Solomon Is.,Submarine volcano
1952,3,27,Hakone,Honshu-Japan,Japan,Complex volcano
1952,9,16,Myojun Knoll,Izu Is-Japan,Japan,Submarine volcano
1952,9,23,Myojun Knoll,Izu Is-Japan,Japan,Submarine volcano
1952,9,24,Myojun Knoll,Izu Is-Japan,Japan,Submarine volcano
1952,9,26,Myojun Knoll,Izu Is-Japan,Japan,Submarine volcano
1952,nan,nan,Ambalatungan Group,Luzon-Philippines,Philippines,Compound volcano
1953,3,11,Myojun Knoll,Izu Is-Japan,Japan,Submarine volcano
1953,3,23,Merapi,Java,Indonesia,Stratovolcano
1953,3,25,Myojun Knoll,Izu Is-Japan,Japan,Submarine volcano
1953,4,27,Aso,Kyushu-Japan,Japan,Caldera
1953,6,27,St. Andrew Strait,Admiralty Is-SW Paci,Papua New Guinea,Complex volcano
1953,6,nan,Sirung,Lesser Sunda Is,Indonesia,Complex volcano
1953,7,26,Hakone,Honshu-Japan,Japan,Complex volcano
1953,10,5,Oshima,Izu Is-Japan,Japan,Stratovolcano
1953,12,24,Ruapehu,New Zealand,New Zealand,Stratovolcano
1954,2,nan,Stromboli,Italy,Italy,Stratovolcano
1954,7,21,Tate-yama,Honshu-Japan,Japan,Stratovolcano
1954,8,3,Bam,New Guinea-NE of,Papua New Guinea,Stratovolcano
1954,nan,nan,Camiguin,Mindanao-Philippines,Philippines,Stratovolcano
1955,7,26,Carran-Los Venados,Chile-C,Chile,Pyroclastic cone
1955,10,13,Sakura-jima,Kyushu-Japan,Japan,Stratovolcano
1956,3,30,Bezymianny,Kamchatka,Russia,Stratovolcano
1957,3,11,Vsevidof,Aleutian Is,United States,Stratovolcano
1957,7,nan,Unzen,Kyushu-Japan,Japan,Complex volcano
1957,8,nan,Oshima,Izu Is-Japan,Japan,Stratovolcano
1957,10,nan,Aso,Kyushu-Japan,Japan,Caldera
1958,7,12,Mahawu,Sulawesi-Indonesia,Indonesia,Stratovolcano
1958,7,21,Daisetsu,Hokkaido-Japan,Japan,Stratovolcano
1958,10,7,Kuwae,Vanuatu-SW Pacific,Vanuatu,Caldera
1960,5,25,Puyehue,Chile-C,Chile,Stratovolcano
1961,1,25,Calbuco,Chile-S,Chile,Stratovolcano
1961,4,23,Tate-yama,Honshu-Japan,Japan,Stratovolcano
1961,5,8,Merapi,Java,Indonesia,Stratovolcano
1961,6,18,Daisetsu,Hokkaido-Japan,Japan,Stratovolcano
1961,8,18,Asama,Honshu-Japan,Japan,Complex volcano
1962,6,29,Tokachi,Hokkaido-Japan,Japan,Stratovolcano
1962,10,nan,Merapi,Java,Indonesia,Stratovolcano
1962,12,31,Gamalama,Halmahera-Indonesia,Indonesia,Stratovolcano
1963,3,17,Irazu,Costa Rica,Costa Rica,Stratovolcano
1963,3,18,Agung,Lesser Sunda Is,Indonesia,Stratovolcano
1963,5,5,Semeru,Java,Indonesia,Stratovolcano
1963,5,16,Agung,Lesser Sunda Is,Indonesia,Stratovolcano
1963,5,21,Villarrica,Chile-C,Chile,Stratovolcano
1963,9,5,Batur,Lesser Sunda Is,Indonesia,Caldera
1963,9,28,Fuego,Guatemala,Guatemala,Stratovolcano
1963,12,10,Irazu,Costa Rica,Costa Rica,Stratovolcano
1964,1,1,Paluweh,Lesser Sunda Is,Indonesia,Stratovolcano
1964,3,3,Villarrica,Chile-C,Chile,Stratovolcano
1964,12,13,Dieng Volc Complex,Java,Indonesia,Complex volcano
1965,9,28,Taal,Luzon-Philippines,Philippines,Stratovolcano
1965,10,24,Kick-'em-Jenny,W Indies,Netherlands,Submarine volcano
1966,1,13,Tinakula,Santa Cruz Is-SW Pac,Solomon Is.,Stratovolcano
1966,4,26,Kelut,Java,Indonesia,Stratovolcano
1966,8,12,Awu,Sangihe Is-Indonesia,Indonesia,Stratovolcano
1966,8,14,"Lengai, Ol Doinyo",Africa-E,Tanzania,Stratovolcano
1967,7,8,"Lengai, Ol Doinyo",Africa-E,Tanzania,Stratovolcano
1967,8,31,Semeru,Java,Indonesia,Stratovolcano
1967,12,4,Deception Island,Antarctica,Antarctica,Caldera
1968,4,21,Mayon,Luzon-Philippines,Philippines,Stratovolcano
1968,7,29,Arenal,Costa Rica,Costa Rica,Stratovolcano
1969,1,7,Merapi,Java,Indonesia,Stratovolcano
1969,1,28,Iya,Lesser Sunda Is,Indonesia,Stratovolcano
1969,3,21,Didicas,Luzon-N of,Philippines,Compound volcano
1969,8,26,Narugo,Honshu-Japan,Japan,Caldera
1970,3,2,Campi Flegrei,Italy,Italy,Caldera
1970,5,5,Hekla,Iceland-S,Iceland,Stratovolcano
1971,8,12,"Hudson, Cerro",Chile-S,Chile,Stratovolcano
1971,9,6,Tinakula,Santa Cruz Is-SW Pac,Solomon Is.,Stratovolcano
1971,9,14,Fuego,Guatemala,Guatemala,Stratovolcano
1971,10,26,La Palma,Canary Is,Spain,Stratovolcano
1971,10,29,Villarrica,Chile-C,Chile,Stratovolcano
1971,12,27,Kusatsu-Shirane,Honshu-Japan,Japan,Stratovolcano
1972,6,9,"Fournaise, Piton de la",Indian O-W,Reunion,Shield volcano
1972,10,2,Hakone,Honshu-Japan,Japan,Complex volcano
1972,10,9,Ritter Island,New Guinea-NE of,Papua New Guinea,Stratovolcano
1973,1,27,Vestmannaeyjar,Iceland-S,Iceland,Submarine volcano
1973,1,nan,Paluweh,Lesser Sunda Is,Indonesia,Stratovolcano
1973,4,5,"Hudson, Cerro",Chile-S,Chile,Stratovolcano
1973,12,5,Iliwerung,Lesser Sunda Is,Indonesia,Complex volcano
1974,2,11,Karangetang [Api Siau],Sangihe Is-Indonesia,Indonesia,Stratovolcano
1974,6,17,Sakura-jima,Kyushu-Japan,Japan,Stratovolcano
1974,7,28,Niigata-Yake-yama,Honshu-Japan,Japan,Lava dome
1974,8,9,Sakura-jima,Kyushu-Japan,Japan,Stratovolcano
1974,10,10,Fuego,Guatemala,Guatemala,Stratovolcano
1974,10,17,Ritter Island,New Guinea-NE of,Papua New Guinea,Stratovolcano
1974,10,22,Merapi,Java,Indonesia,Stratovolcano
1975,1,nan,Marapi,Sumatra,Indonesia,Complex volcano
1975,6,17,Arenal,Costa Rica,Costa Rica,Stratovolcano
1975,11,29,Kilauea,Hawaiian Is,United States,Shield volcano
1976,8,3,Kusatsu-Shirane,Honshu-Japan,Japan,Stratovolcano
1976,8,12,Sangay,Ecuador,Ecuador,Stratovolcano
1976,8,31,Semeru,Java,Indonesia,Stratovolcano
1976,9,15,Karangetang [Api Siau],Sangihe Is-Indonesia,Indonesia,Stratovolcano
1976,11,25,Merapi,Java,Indonesia,Stratovolcano
1977,1,10,Nyiragongo,Africa-C,"Congo, DRC",Stratovolcano
1977,4,5,Karthala,Indian O-W,Comoros,Shield volcano
1977,4,27,Krafla,Iceland-NE,Iceland,Caldera
1977,8,2,Kliuchevskoi,Kamchatka,Russia,Stratovolcano
1977,8,7,Usu,Hokkaido-Japan,Japan,Stratovolcano
1978,1,13,Usu,Hokkaido-Japan,Japan,Stratovolcano
1978,7,29,Bulusan,Luzon-Philippines,Philippines,Stratovolcano
1978,9,2,Santa Maria,Guatemala,Guatemala,Stratovolcano
1978,9,19,Semeru,Java,Indonesia,Stratovolcano
1978,nan,nan,Tangkubanparahu,Java,Indonesia,Stratovolcano
1979,2,20,Dieng Volc Complex,Java,Indonesia,Complex volcano
1979,3,8,Karkar,New Guinea-NE of,Papua New Guinea,Stratovolcano
1979,4,13,Soufriere St. Vincent,W Indies,St. Vincent & the Grenadines,Stratovolcano
1979,7,5,Etna,Italy,Italy,Stratovolcano
1979,7,18,Iliwerung,Lesser Sunda Is,Indonesia,Complex volcano
1979,9,6,Aso,Kyushu-Japan,Japan,Caldera
1980,5,18,St. Helens,US-Washington,United States,Stratovolcano
1980,8,17,Hekla,Iceland-S,Iceland,Stratovolcano
1980,12,25,Hood,US-Oregon,United States,Stratovolcano
1981,3,17,Etna,Italy,Italy,Stratovolcano
1981,3,29,Semeru,Java,Indonesia,Stratovolcano
1981,4,27,Alaid,Kuril Is,Russia,Stratovolcano
1981,5,14,Semeru,Java,Indonesia,Stratovolcano
1981,6,30,Mayon,Luzon-Philippines,Philippines,Stratovolcano
1981,9,5,Paluweh,Lesser Sunda Is,Indonesia,Stratovolcano
1981,nan,nan,Vilyuchik,Kamchatka,Russia,Stratovolcano
1982,3,29,"Chichon, El",Mexico,Mexico,Tuff cone
1982,4,4,"Chichon, El",Mexico,Mexico,Tuff cone
1982,5,17,Galunggung,Java,Indonesia,Stratovolcano
1982,5,27,"Chichon, El",Mexico,Mexico,Tuff cone
1983,3,8,Kliuchevskoi,Kamchatka,Russia,Stratovolcano
1983,7,23,Colo [Una Una],Sulawesi-Indonesia,Indonesia,Stratovolcano
1983,8,17,Iliwerung,Lesser Sunda Is,Indonesia,Complex volcano
1983,10,3,Miyake-jima,Izu Is-Japan,Japan,Stratovolcano
1984,8,15,Oku Volc Field,Africa-W,Cameroon,Maar
1984,9,9,Mayon,Luzon-Philippines,Philippines,Stratovolcano
1984,9,14,On-take,Honshu-Japan,Japan,Complex volcano
1984,10,16,Etna,Italy,Italy,Stratovolcano
1985,5,10,Semeru,Java,Indonesia,Stratovolcano
1985,11,13,Ruiz,Colombia,Colombia,Stratovolcano
1985,12,19,Etna,Italy,Italy,Stratovolcano
1986,5,8,Akita-Yake-yama,Honshu-Japan,Japan,Complex volcano
1986,7,24,Stromboli,Italy,Italy,Stratovolcano
1986,8,21,Oku Volc Field,Africa-W,Cameroon,Maar
1986,10,15,Merapi,Java,Indonesia,Stratovolcano
1986,11,15,Oshima,Izu Is-Japan,Japan,Stratovolcano
1987,1,25,Pacaya,Guatemala,Guatemala,Complex volcano
1987,4,17,Etna,Italy,Italy,Stratovolcano
1987,12,1,Sirung,Lesser Sunda Is,Indonesia,Complex volcano
1988,5,9,Banda Api,Banda Sea,Pacific Ocean,Caldera
1988,7,6,Arenal,Costa Rica,Costa Rica,Stratovolcano
1988,7,30,Semeru,Java,Indonesia,Stratovolcano
1988,12,25,Lonquimay,Chile-C,Chile,Stratovolcano
1988,nan,nan,Akita-Yake-yama,Honshu-Japan,Japan,Complex volcano
1989,2,12,Aso,Kyushu-Japan,Japan,Caldera
1989,8,26,Kirishima,Kyushu-Japan,Japan,Shield volcano
1990,2,2,Shiveluch,Kamchatka,Russia,Stratovolcano
1990,2,10,Kelut,Java,Indonesia,Stratovolcano
1990,3,26,Aso,Kyushu-Japan,Japan,Caldera
1990,4,18,Aso,Kyushu-Japan,Japan,Caldera
1990,5,29,Sabancaya,Peru,Peru,Stratovolcano
1990,6,24,Rabaul,New Britain-SW Pac,Papua New Guinea,Pyroclastic shield
1990,7,19,Santa Maria,Guatemala,Guatemala,Stratovolcano
1990,10,19,Aso,Kyushu-Japan,Japan,Caldera
1990,11,21,Nyiragongo,Africa-C,"Congo, DRC",Stratovolcano
1990,11,25,Kelut,Java,Indonesia,Stratovolcano
1991,6,3,Unzen,Kyushu-Japan,Japan,Complex volcano
1991,6,15,Pinatubo,Luzon-Philippines,Philippines,Stratovolcano
1991,6,nan,Mutnovsky,Kamchatka,Russia,Complex volcano
1991,7,3,Karthala,Indian O-W,Comoros,Shield volcano
1991,8,8,"Hudson, Cerro",Chile-S,Chile,Stratovolcano
1991,10,24,Lokon-Empung,Sulawesi-Indonesia,Indonesia,Stratovolcano
1991,12,14,Etna,Italy,Italy,Stratovolcano
1992,1,21,Karangetang [Api Siau],Sangihe Is-Indonesia,Indonesia,Stratovolcano
1992,3,18,Dieng Volc Complex,Java,Indonesia,Complex volcano
1992,4,10,"Negro, Cerro",Nicaragua,Nicaragua,Cinder cone
1992,5,11,Karangetang [Api Siau],Sangihe Is-Indonesia,Indonesia,Stratovolcano
1992,7,5,Marapi,Sumatra,Indonesia,Complex volcano
1992,7,12,Pinatubo,Luzon-Philippines,Philippines,Stratovolcano
1992,9,17,Spurr,Alaska-SW,United States,Stratovolcano
1992,nan,nan,Semeru,Java,Indonesia,Stratovolcano
1993,1,14,Galeras,Colombia,Colombia,Complex volcano
1993,1,21,Wurlali,Banda Sea,Indonesia,Stratovolcano
1993,2,2,Mayon,Luzon-Philippines,Philippines,Stratovolcano
1993,3,12,Guagua Pichincha,Ecuador,Ecuador,Stratovolcano
1993,4,19,Kilauea,Hawaiian Is,United States,Shield volcano
1993,6,13,Krakatau,Indonesia,Indonesia,Caldera
1993,6,23,Unzen,Kyushu-Japan,Japan,Complex volcano
1993,6,26,Pinatubo,Luzon-Philippines,Philippines,Stratovolcano
1993,10,4,Pinatubo,Luzon-Philippines,Philippines,Stratovolcano
1994,1,15,Yasur,Vanuatu-SW Pacific,Vanuatu,Stratovolcano
1994,2,3,Semeru,Java,Indonesia,Stratovolcano
1994,5,29,Aso,Kyushu-Japan,Japan,Caldera
1994,6,6,Huila,Colombia,Colombia,Stratovolcano
1994,9,19,Rabaul,New Britain-SW Pac,Papua New Guinea,Pyroclastic shield
1994,11,3,Rinjani,Lesser Sunda Is,Indonesia,Stratovolcano
1994,11,22,Merapi,Java,Indonesia,Stratovolcano
1995,2,4,Yasur,Vanuatu-SW Pacific,Vanuatu,Stratovolcano
1995,2,11,Yake-dake,Honshu-Japan,Japan,Stratovolcano
1995,4,2,Fogo,Cape Verde Is,Cape Verde,Stratovolcano
1995,4,7,Pacaya,Guatemala,Guatemala,Complex volcano
1995,5,15,Kelimutu,Lesser Sunda Is,Indonesia,Complex volcano
1995,9,6,Parker,Mindanao-Philippines,Philippines,Stratovolcano
1996,1,2,Karymsky,Kamchatka,Russia,Stratovolcano
1996,4,30,Popocatepetl,Mexico,Mexico,Stratovolcano
1996,8,10,Kanlaon,Philippines-C,Philippines,Stratovolcano
1996,9,27,Maderas,Nicaragua,Nicaragua,Stratovolcano
1996,9,30,Grimsvotn,Iceland-NE,Iceland,Caldera
1996,12,3,Manam,New Guinea-NE of,Papua New Guinea,Stratovolcano
1997,1,14,Merapi,Java,Indonesia,Stratovolcano
1997,4,17,Karangetang [Api Siau],Sangihe Is-Indonesia,Indonesia,Stratovolcano
1997,6,25,Soufriere Hills,W Indies,Montserrat,Stratovolcano
1997,7,12,Hakkoda Group,Honshu-Japan,Japan,Stratovolcano
1997,8,1,Soufriere Hills,W Indies,Montserrat,Stratovolcano
1997,9,2,Semeru,Java,Indonesia,Stratovolcano
1997,9,15,Adatara,Honshu-Japan,Japan,Stratovolcano
1997,11,23,Aso,Kyushu-Japan,Japan,Caldera
1997,12,26,Soufriere Hills,W Indies,Montserrat,Stratovolcano
1998,4,28,Kilauea,Hawaiian Is,United States,Shield volcano
1998,7,nan,Kelut,Java,Indonesia,Stratovolcano
1998,10,30,San Cristobal,Nicaragua,Nicaragua,Stratovolcano
1999,1,20,Soufriere Hills,W Indies,Montserrat,Stratovolcano
1999,5,21,Fuego,Guatemala,Guatemala,Stratovolcano
1999,8,15,Shiveluch,Kamchatka,Russia,Stratovolcano
1999,10,5,Guagua Pichincha,Ecuador,Ecuador,Stratovolcano
1999,10,16,Tungurahua,Ecuador,Ecuador,Stratovolcano
2000,6,27,Miyake-jima,Izu Is-Japan,Japan,Stratovolcano
2000,7,27,Semeru,Java,Indonesia,Stratovolcano
2000,8,23,Arenal,Costa Rica,Costa Rica,Stratovolcano
2000,11,3,Kilauea,Hawaiian Is,United States,Shield volcano
2000,11,nan,Merapi,Java,Indonesia,Stratovolcano
2001,5,14,Etna,Italy,Italy,Stratovolcano
2001,7,26,Etna,Italy,Italy,Stratovolcano
2001,8,5,Merapi,Java,Indonesia,Stratovolcano
2001,10,20,Stromboli,Italy,Italy,Stratovolcano
2002,1,3,Karangetang [Api Siau],Sangihe Is-Indonesia,Indonesia,Stratovolcano
2002,1,17,Nyiragongo,Africa-C,"Congo, DRC",Stratovolcano
2002,8,28,Etna,Italy,Italy,Stratovolcano
2002,11,3,Reventador,Ecuador,Ecuador,Stratovolcano
2002,12,30,Stromboli,Italy,Italy,Stratovolcano
2002,nan,nan,Semeru,Java,Indonesia,Stratovolcano
2003,7,12,Soufriere Hills,W Indies,Montserrat,Stratovolcano
2004,1,29,Egon,Lesser Sunda Is,Indonesia,Stratovolcano
2004,6,8,Tengger Caldera,Java,Indonesia,Stratovolcano
2004,10,24,Manam,New Guinea-NE of,Papua New Guinea,Stratovolcano
2005,1,27,Manam,New Guinea-NE of,Papua New Guinea,Stratovolcano
2005,10,1,Santa Ana,El Salvador,El Salvador,Stratovolcano
2005,11,24,Karthala,Indian O-W,Comoros,Shield volcano
2006,3,17,Raoul Island,Kermadec Is,New Zealand,Stratovolcano
2006,5,20,Soufriere Hills,W Indies,Montserrat,Stratovolcano
2006,6,7,Bulusan,Luzon-Philippines,Philippines,Stratovolcano
2006,6,14,Merapi,Java,Indonesia,Stratovolcano
2006,7,18,Tungurahua,Ecuador,Ecuador,Stratovolcano
2006,8,17,Tungurahua,Ecuador,Ecuador,Stratovolcano
2006,11,30,Mayon,Luzon-Philippines,Philippines,Stratovolcano
2007,3,nan,Manam,New Guinea-NE of,Papua New Guinea,Stratovolcano
2007,4,18,Huila,Colombia,Colombia,Stratovolcano
2007,7,7,Salak,Java,Indonesia,Stratovolcano
2007,9,30,"Tair, Jebel at",Red Sea,Yemen,Stratovolcano
2008,5,2,Chaiten,Chile-S,Chile,Caldera
2008,8,8,Kasatochi,Aleutian Is,United States,Stratovolcano
2008,8,22,Tungurahua,Ecuador,Ecuador,Stratovolcano
2008,11,20,Huila,Colombia,Colombia,Stratovolcano
2009,3,23,Redoubt,Alaska-SW,United States,Stratovolcano
2009,11,30,Kilauea,Hawaiian Is,United States,Shield volcano
2010,1,nan,Tungurahua,Ecuador,Ecuador,Stratovolcano
2010,3,31,Eyjafjallajokull,Iceland-S,Iceland,Stratovolcano
2010,5,27,Pacaya,Guatemala,Guatemala,Complex volcano
2010,5,29,Sarigan,Mariana Is-C Pacific,United States,Stratovolcano
2010,8,6,Karangetang [Api Siau],Sangihe Is-Indonesia,Indonesia,Stratovolcano
2010,8,30,Sinabung,Sumatra,Indonesia,Stratovolcano
2010,10,26,Merapi,Java,Indonesia,Stratovolcano
2010,11,nan,Tungurahua,Ecuador,Ecuador,Stratovolcano
2010,12,28,Tengger Caldera,Java,Indonesia,Stratovolcano
2011,1,3,Merapi,Java,Indonesia,Stratovolcano
2011,1,28,Kirishima,Kyushu-Japan,Japan,Shield volcano
2011,2,23,Bulusan,Luzon-Philippines,Philippines,Stratovolcano
2011,3,18,Karangetang [Api Siau],Sangihe Is-Indonesia,Indonesia,Stratovolcano
2011,4,nan,Tungurahua,Ecuador,Ecuador,Stratovolcano
2011,6,4,Puyehue,Chile-C,Chile,Stratovolcano
2011,6,22,Nabro,Africa-NE,Eritrea,Stratovolcano
2011,7,9,Katla,Iceland-S,Iceland,Subglacial volcano
2011,7,17,Lokon-Empung,Sulawesi-Indonesia,Indonesia,Stratovolcano
2011,12,27,Gamalama,Halmahera-Indonesia,Indonesia,Stratovolcano
2012,2,10,Kilauea,Hawaiian Is,United States,Shield volcano
2012,3,2,Kilauea,Hawaiian Is,United States,Shield volcano
2012,12,12,Tolbachik,Kamchatka,Russia,Shield volcano
2013,2,12,Merapi,Java,Indonesia,Stratovolcano
2013,2,nan,Paluweh,Lesser Sunda Is,Indonesia,Stratovolcano
2013,5,7,Mayon,Luzon-Philippines,Philippines,Stratovolcano
2013,8,10,Paluweh,Lesser Sunda Is,Indonesia,Stratovolcano
2013,9,1,Ubinas,Peru,Peru,Stratovolcano
2013,9,4,Sakura-jima,Kyushu-Japan,Japan,Stratovolcano
2013,9,15,Sinabung,Sumatra,Indonesia,Stratovolcano
2013,12,13,Okataina,New Zealand,New Zealand,Lava dome
2014,2,1,Sinabung,Sumatra,Indonesia,Stratovolcano
2014,2,13,Kelut,Java,Indonesia,Stratovolcano
2014,9,27,On-take,Honshu-Japan,Japan,Complex volcano
2014,11,10,Kilauea,Hawaiian Is,United States,Shield volcano
2014,11,23,Fogo,Cape Verde Is,Cape Verde,Stratovolcano
2014,12,18,Gamalama,Halmahera-Indonesia,Indonesia,Stratovolcano
2015,2,20,Sinabung,Sumatra,Indonesia,Stratovolcano
2015,4,22,Calbuco,Chile-S,Chile,Stratovolcano
2015,5,7,Karangetang [Api Siau],Sangihe Is-Indonesia,Indonesia,Stratovolcano
2015,7,31,Manam,New Guinea-NE of,Papua New Guinea,Stratovolcano
2015,10,16,Sinabung,Sumatra,Indonesia,Stratovolcano
2015,10,nan,Okataina,New Zealand,New Zealand,Lava dome
2016,5,9,Sinabung,Sumatra,Indonesia,Stratovolcano
2016,5,21,Sinabung,Sumatra,Indonesia,Stratovolcano
2016,6,9,Yellowstone,US-Wyoming,United States,Caldera
2016,9,27,Rinjani,Lesser Sunda Is,Indonesia,Stratovolcano
2016,10,8,Aso,Kyushu-Japan,Japan,Caldera
2017,3,15,Etna,Italy,Italy,Stratovolcano
2017,4,13,Sinabung,Sumatra,Indonesia,Stratovolcano
2017,6,6,Fuego,Guatemala,Guatemala,Stratovolcano
2017,7,1,Dieng Volc Complex,Java,Indonesia,Complex volcano
2017,9,12,Campi Flegrei,Italy,Italy,Caldera
2017,9,23,Aoba,Vanuatu-SW Pacific,Vanuatu,Shield volcano
2017,12,18,Merapi,Java,Indonesia,Stratovolcano
2017,12,27,Sinabung,Sumatra,Indonesia,Stratovolcano
2018,1,5,Kadovar,New Guinea-NE of,Papua New Guinea,Stratovolcano
2018,1,13,Mayon,Luzon-Philippines,Philippines,Stratovolcano
2018,1,23,Kusatsu-Shirane,Honshu-Japan,Japan,Stratovolcano
2018,2,1,Kilauea,Hawaiian Is,United States,Shield volcano
2018,2,9,Kadovar,New Guinea-NE of,Papua New Guinea,Stratovolcano
2018,3,21,Ijen,Java,Indonesia,Stratovolcano
2018,3,30,Aoba,Vanuatu-SW Pacific,Vanuatu,Shield volcano
2018,4,28,Kilauea,Hawaiian Is,United States,Shield volcano
2018,6,3,Fuego,Guatemala,Guatemala,Stratovolcano
2018,7,16,Kilauea,Hawaiian Is,United States,Shield volcano
2018,8,25,Manam,New Guinea-NE of,Papua New Guinea,Stratovolcano
2018,12,15,Ambrym,Vanuatu-SW Pacific,Vanuatu,Pyroclastic shield
2018,12,22,Krakatau,Indonesia,Indonesia,Caldera
2018,12,26,Etna,Italy,Italy,Stratovolcano
2019,1,7,Manam,New Guinea-NE of,Papua New Guinea,Stratovolcano
2019,5,7,Sinabung,Sumatra,Indonesia,Stratovolcano
2019,6,26,Ulawun,New Britain-SW Pac,Papua New Guinea,Stratovolcano
2019,6,28,Manam,New Guinea-NE of,Papua New Guinea,Stratovolcano
2019,7,3,Stromboli,Italy,Italy,Stratovolcano
2019,8,28,Stromboli,Italy,Italy,Stratovolcano
